epoch,step,train/av2/brier_fde,train/av2/minADE6,train/av2/minFDE6,train/av2/miss_rate,train/brier_fde,train/minADE6,train/minFDE6,train/miss_rate,train/nuscenes/brier_fde,train/nuscenes/minADE6,train/nuscenes/minFDE6,train/nuscenes/miss_rate,train/waymo/brier_fde,train/waymo/minADE6,train/waymo/minFDE6,train/waymo/miss_rate,val/av2/brier_fde,val/av2/minADE6,val/av2/minFDE6,val/av2/miss_rate,val/brier_fde,val/minADE6,val/minFDE6,val/miss_rate,val/nuscenes/brier_fde,val/nuscenes/minADE6,val/nuscenes/minFDE6,val/nuscenes/miss_rate,val/waymo/brier_fde,val/waymo/minADE6,val/waymo/minFDE6,val/waymo/miss_rate
0,1557,,,,,,,,,,,,,,,,,7.68704080581665,3.132490873336792,6.853178977966309,0.7303102612495422,8.614986419677734,3.2028801441192627,7.781972885131836,0.7814000248908997,6.862286567687988,2.781003475189209,6.02844762802124,0.8611111044883728,8.729201316833496,3.2161569595336914,7.896285533905029,0.784874677658081
0,1557,11.871644020080566,5.021111011505127,11.044075965881348,0.7890547513961792,15.423911094665527,6.062923908233643,14.594696044921875,0.8347312808036804,10.987808227539062,4.590021133422852,10.161002159118652,0.8308157324790955,15.80522632598877,6.177274703979492,14.975814819335938,0.8388554453849792,,,,,,,,,,,,,,,,
1,3115,,,,,,,,,,,,,,,,,6.719343185424805,2.6492369174957275,5.891458034515381,0.7565632462501526,6.731139183044434,2.5861737728118896,5.903085708618164,0.7821999788284302,6.727270126342773,2.523301601409912,5.893303871154785,0.8333333134651184,6.732296943664551,2.58131742477417,5.904323577880859,0.7837657928466797
1,3115,6.743018627166748,2.833488702774048,5.912534713745117,0.7492537498474121,7.642950057983398,3.0004589557647705,6.812241554260254,0.7952402234077454,6.7868733406066895,2.820244550704956,5.955936908721924,0.8036254048347473,7.735629081726074,3.017967462539673,6.9048967361450195,0.7992115616798401,,,,,,,,,,,,,,,,
2,4673,,,,,,,,,,,,,,,,,5.743445873260498,2.27435040473938,4.928774356842041,0.7374701499938965,5.932515621185303,2.28791880607605,5.109329700469971,0.7422000169754028,5.927285194396973,2.163998603820801,5.0924787521362305,0.75,5.950165748596191,2.2911579608917236,5.126380443572998,0.742514967918396
2,4673,6.006593704223633,2.478268623352051,5.182835102081299,0.734825849533081,6.409657001495361,2.519505500793457,5.584710597991943,0.7586386799812317,6.320998668670654,2.599736452102661,5.490448951721191,0.7794561982154846,6.44683837890625,2.5220019817352295,5.621868133544922,0.7604535818099976,,,,,,,,,,,,,,,,
3,6231,,,,,,,,,,,,,,,,,5.931354522705078,2.2777998447418213,5.116003513336182,0.7374701499938965,6.0842719078063965,2.2681827545166016,5.266133785247803,0.7427999973297119,6.583133697509766,2.4544785022735596,5.750497817993164,0.7916666865348816,6.090517044067383,2.2643141746520996,5.272347450256348,0.742514967918396
3,6231,5.666112422943115,2.3331351280212402,4.8448686599731445,0.7079601883888245,5.947748184204102,2.3131401538848877,5.124966144561768,0.7384917736053467,6.162543296813965,2.4950671195983887,5.330842971801758,0.7824773192405701,5.9696807861328125,2.3086955547332764,5.146887302398682,0.7405651807785034,,,,,,,,,,,,,,,,
4,7789,,,,,,,,,,,,,,,,,5.346651554107666,2.1130151748657227,4.536810398101807,0.7207637429237366,5.378795623779297,1.995330810546875,4.564706325531006,0.724399983882904,6.842514514923096,2.441105604171753,6.014120578765869,0.7916666865348816,5.358407974243164,1.977277159690857,4.544153213500977,0.7236638069152832
4,7789,5.430098533630371,2.2299842834472656,4.6079325675964355,0.6910447478294373,5.65929651260376,2.19509220123291,4.8393449783325195,0.7255688905715942,6.012501239776611,2.4527058601379395,5.188833713531494,0.7401812672615051,5.674520015716553,2.1882081031799316,4.8548264503479,0.7284284234046936,,,,,,,,,,,,,,,,
5,9347,,,,,,,,,,,,,,,,,4.903443336486816,2.0260963439941406,4.093148708343506,0.6682577729225159,5.083181381225586,1.9390031099319458,4.272134780883789,0.6944000124931335,5.595224857330322,2.065828561782837,4.769288539886475,0.6388888955116272,5.091705799102783,1.9288853406906128,4.280826568603516,0.697715699672699
5,9347,5.147349834442139,2.093991994857788,4.325230598449707,0.683582067489624,5.362310409545898,2.0723915100097656,4.541179180145264,0.7065457105636597,5.837533473968506,2.2767248153686523,5.01220703125,0.7673715949058533,5.3744916915893555,2.0674710273742676,4.5534987449646,0.7076984643936157,,,,,,,,,,,,,,,,
6,10905,,,,,,,,,,,,,,,,,4.598509788513184,1.855802297592163,3.787151336669922,0.6658711433410645,4.766684532165527,1.822114109992981,3.9493789672851562,0.6746000051498413,6.074224948883057,2.265103340148926,5.234744071960449,0.7916666865348816,4.761432647705078,1.8119099140167236,3.9439284801483154,0.673541784286499
6,10905,5.035991191864014,2.0388710498809814,4.219676971435547,0.6940298676490784,5.238576889038086,2.01806378364563,4.422265529632568,0.7049805521965027,6.018482208251953,2.309089422225952,5.1955647468566895,0.7794561982154846,5.245179653167725,2.0119450092315674,4.428966522216797,0.7048635482788086,,,,,,,,,,,,,,,,
7,12463,,,,,,,,,,,,,,,,,4.979902267456055,1.9807953834533691,4.170023441314697,0.7255370020866394,5.338422775268555,2.071031332015991,4.526165008544922,0.7211999893188477,5.799267768859863,2.238361358642578,4.979755401611328,0.75,5.364380836486816,2.076744318008423,4.552014350891113,0.7203370928764343
7,12463,4.868691921234131,1.9510761499404907,4.05286979675293,0.676616907119751,5.072432518005371,1.9256980419158936,4.257176876068115,0.6920576095581055,5.795679569244385,2.244208574295044,4.971843242645264,0.7552869915962219,5.0799689292907715,1.9187698364257812,4.264886379241943,0.6925053000450134,,,,,,,,,,,,,,,,
8,14021,,,,,,,,,,,,,,,,,5.2746429443359375,2.037658929824829,4.459830284118652,0.7470167279243469,5.454115390777588,2.0765480995178223,4.628889083862305,0.7519999742507935,6.630029201507568,2.3734631538391113,5.806203842163086,0.7777777910232544,5.4520158767700195,2.075421094894409,4.625799179077148,0.7520514726638794
8,14021,4.717453956604004,1.9017518758773804,3.89744234085083,0.6587064862251282,4.917277812957764,1.8763926029205322,4.097407817840576,0.6811413764953613,5.62169885635376,2.205395221710205,4.796413421630859,0.7703927755355835,4.924746036529541,1.8693100214004517,4.104964733123779,0.6818302869796753,,,,,,,,,,,,,,,,
9,15579,,,,,,,,,,,,,,,,,4.375564098358154,1.6868805885314941,3.565473794937134,0.6324582099914551,4.459054470062256,1.6378916501998901,3.6515824794769287,0.6539999842643738,5.45094633102417,2.0037429332733154,4.626115798950195,0.7083333134651184,4.4509711265563965,1.6274967193603516,3.644022226333618,0.6551342010498047
9,15579,4.674910068511963,1.846793532371521,3.858168125152588,0.6398009657859802,4.910130500793457,1.8448615074157715,4.091634750366211,0.6823052763938904,5.600731372833252,2.1794939041137695,4.774974822998047,0.712990939617157,4.920949459075928,1.8397808074951172,4.10240364074707,0.6856396198272705,,,,,,,,,,,,,,,,
10,17137,,,,,,,,,,,,,,,,,4.196242332458496,1.6530113220214844,3.374835729598999,0.6157518029212952,4.2210187911987305,1.5178532600402832,3.4036355018615723,0.621999979019165,5.490097999572754,1.9938784837722778,4.655196189880371,0.6527777910232544,4.203056335449219,1.4976928234100342,3.3863258361816406,0.622089147567749
10,17137,4.400965690612793,1.711839199066162,3.5817220211029053,0.6288557052612305,4.439844131469727,1.6208640336990356,3.6236376762390137,0.6432555913925171,5.288861274719238,2.040409803390503,4.463582992553711,0.7432023882865906,4.4308600425720215,1.6066166162490845,3.6150550842285156,0.6430723071098328,,,,,,,,,,,,,,,,
11,18695,,,,,,,,,,,,,,,,,4.165773868560791,1.592166781425476,3.3511998653411865,0.6157518029212952,4.481461524963379,1.617634892463684,3.6570987701416016,0.6371999979019165,5.909331798553467,2.1943936347961426,5.075329303741455,0.7361111044883728,4.4879937171936035,1.6107920408248901,3.6628777980804443,0.6376136541366577
11,18695,4.400778293609619,1.6804494857788086,3.5803894996643066,0.625373125076294,4.332939624786377,1.5753438472747803,3.515422821044922,0.6252759099006653,5.1724443435668945,1.961830735206604,4.341361999511719,0.7160120606422424,4.31459379196167,1.560318112373352,3.4975264072418213,0.6239369511604309,,,,,,,,,,,,,,,,
12,20253,,,,,,,,,,,,,,,,,4.248528003692627,1.59572172164917,3.4380276203155518,0.6348448395729065,4.178790092468262,1.4541597366333008,3.3636972904205322,0.6141999959945679,5.1572442054748535,1.8835866451263428,4.318879127502441,0.5833333134651184,4.156685829162598,1.4341481924057007,3.341536521911621,0.6127744317054749
12,20253,4.332571506500244,1.6586530208587646,3.513897657394409,0.6134328246116638,4.298061370849609,1.5604122877120972,3.4826602935791016,0.6225067377090454,5.209766387939453,2.005666971206665,4.38087797164917,0.7250755429267883,4.281616687774658,1.5451362133026123,3.4667093753814697,0.621810793876648,,,,,,,,,,,,,,,,
13,21811,,,,,,,,,,,,,,,,,4.19117546081543,1.6009515523910522,3.3766982555389404,0.620525062084198,4.061675071716309,1.450524926185608,3.2495343685150146,0.5985999703407288,5.297833442687988,2.0805277824401855,4.471830368041992,0.75,4.029901504516602,1.4264867305755615,3.218200206756592,0.5941450595855713
13,21811,4.26682710647583,1.6459494829177856,3.4498493671417236,0.606965184211731,4.228893280029297,1.5311475992202759,3.4133646488189697,0.6126740574836731,5.180255889892578,2.008233070373535,4.350296974182129,0.6978852152824402,4.2115654945373535,1.5139321088790894,3.396379232406616,0.6119330525398254,,,,,,,,,,,,,,,,
14,23369,,,,,,,,,,,,,,,,,4.134442329406738,1.5911362171173096,3.314257860183716,0.5894988179206848,4.087714195251465,1.4382774829864502,3.270387887954712,0.593999981880188,5.712785720825195,2.052119255065918,4.876383304595947,0.625,4.057422637939453,1.4142711162567139,3.240668296813965,0.5939232707023621
14,23369,4.188892364501953,1.616682767868042,3.3707287311553955,0.5985074639320374,4.1857523918151855,1.5125614404678345,3.371260166168213,0.6093831658363342,5.313961505889893,2.0018715858459473,4.485214710235596,0.731117844581604,4.168929100036621,1.4961168766021729,3.3549752235412598,0.6085666418075562,,,,,,,,,,,,,,,,
15,24927,,,,,,,,,,,,,,,,,4.277035713195801,1.6171149015426636,3.454367160797119,0.5942720770835876,4.161815643310547,1.4202219247817993,3.3348464965820312,0.6051999926567078,5.845015525817871,2.0927414894104004,5.000179767608643,0.7083333134651184,4.124232769012451,1.391186237335205,3.297149181365967,0.6045686602592468
15,24927,4.169928073883057,1.612965703010559,3.3489105701446533,0.597512423992157,4.151585578918457,1.4928719997406006,3.3335063457489014,0.6074166297912598,5.468534469604492,2.0387768745422363,4.6361985206604,0.7522658705711365,4.130642890930176,1.4741767644882202,3.3130390644073486,0.6061747074127197,,,,,,,,,,,,,,,,
16,26485,,,,,,,,,,,,,,,,,3.9295825958251953,1.5211207866668701,3.114718437194824,0.5560859441757202,4.047249794006348,1.4124490022659302,3.2341907024383545,0.5807999968528748,5.5710625648498535,2.1371192932128906,4.749307155609131,0.6388888955116272,4.033853530883789,1.39077889919281,3.2210984230041504,0.5821689963340759
16,26485,4.214620113372803,1.6079330444335938,3.3926053047180176,0.6059701442718506,4.120741367340088,1.4781194925308228,3.3001813888549805,0.5981458425521851,5.141490936279297,1.9674382209777832,4.311158180236816,0.6918429136276245,4.097421646118164,1.4593883752822876,3.277130603790283,0.5960754752159119,,,,,,,,,,,,,,,,
17,28043,,,,,,,,,,,,,,,,,4.108314037322998,1.5420403480529785,3.2878775596618652,0.5727923512458801,3.954287052154541,1.401110053062439,3.138584852218628,0.5752000212669373,5.6463165283203125,2.026757001876831,4.813146591186523,0.6527777910232544,3.912954092025757,1.3780237436294556,3.0979726314544678,0.5741849541664124
17,28043,4.139982223510742,1.5784434080123901,3.3188998699188232,0.5945273637771606,4.093982219696045,1.468612551689148,3.275813579559326,0.5975037217140198,4.961092948913574,1.8768978118896484,4.129276752471924,0.6827794313430786,4.077171802520752,1.4528475999832153,3.259467601776123,0.5965183973312378,,,,,,,,,,,,,,,,
18,29601,,,,,,,,,,,,,,,,,4.074016094207764,1.5360114574432373,3.25669527053833,0.6133651733398438,3.9858996868133545,1.391049861907959,3.1685140132904053,0.5960000157356262,5.249399185180664,1.9219809770584106,4.42238712310791,0.6527777910232544,3.9575355052948,1.369101643562317,3.14029860496521,0.5934796929359436
18,29601,4.138016223907471,1.57706880569458,3.3183727264404297,0.6019900441169739,4.1063714027404785,1.4696393013000488,3.2883999347686768,0.5992294549942017,4.954255104064941,1.908387541770935,4.126608848571777,0.652567982673645,4.09112548828125,1.453641653060913,3.2734410762786865,0.5982016324996948,,,,,,,,,,,,,,,,
19,31159,,,,,,,,,,,,,,,,,4.012746334075928,1.563633918762207,3.189659357070923,0.5727923512458801,3.86336088180542,1.3547122478485107,3.0439000129699707,0.5608000159263611,5.394013404846191,1.903512954711914,4.56514835357666,0.6666666865348816,3.8250374794006348,1.3265351057052612,3.0060625076293945,0.5579951405525208
19,31159,4.152740001678467,1.5676261186599731,3.332002878189087,0.5990049839019775,4.056318283081055,1.4522300958633423,3.2371931076049805,0.5910422801971436,5.124241828918457,1.974654197692871,4.293045520782471,0.6737160086631775,4.032074451446533,1.4342944622039795,3.213268518447876,0.5891211628913879,,,,,,,,,,,,,,,,
20,32717,,,,,,,,,,,,,,,,,3.7255425453186035,1.4260059595108032,2.9135072231292725,0.5441527366638184,3.774099588394165,1.3122069835662842,2.9596774578094482,0.5576000213623047,5.6004719734191895,2.0667645931243896,4.77409029006958,0.7361111044883728,3.7494490146636963,1.2895833253860474,2.9349944591522217,0.5559991002082825
20,32717,3.950277090072632,1.4932643175125122,3.1301939487457275,0.5611940026283264,3.852257251739502,1.3528631925582886,3.034547805786133,0.5673636198043823,4.795060157775879,1.8101557493209839,3.967024087905884,0.6858006119728088,3.8297054767608643,1.3336583375930786,3.0123558044433594,0.5661764740943909,,,,,,,,,,,,,,,,
21,34275,,,,,,,,,,,,,,,,,3.893787384033203,1.4633878469467163,3.075166940689087,0.5584725737571716,3.7737843990325928,1.3177263736724854,2.9528040885925293,0.5501999855041504,5.484629154205322,1.968455195426941,4.648460388183594,0.6527777910232544,3.7353148460388184,1.2938002347946167,2.914358377456665,0.5477933287620544
21,34275,3.9551944732666016,1.4830865859985352,3.1354117393493652,0.5502487421035767,3.807509422302246,1.3361502885818481,2.9895825386047363,0.5580126047134399,4.810748100280762,1.8383536338806152,3.980137825012207,0.6737160086631775,3.7796549797058105,1.3157033920288086,2.962076425552368,0.5570074319839478,,,,,,,,,,,,,,,,
22,35833,,,,,,,,,,,,,,,,,3.722978353500366,1.3827883005142212,2.9077703952789307,0.5298329591751099,3.673898458480835,1.2545768022537231,2.85839581489563,0.5325999855995178,5.328301429748535,1.9780164957046509,4.49531364440918,0.6527777910232544,3.6429216861724854,1.2311110496520996,2.8276684284210205,0.5309381484985352
22,35833,3.880565881729126,1.4547255039215088,3.0590243339538574,0.5412935614585876,3.776865243911743,1.3250306844711304,2.957602024078369,0.5502668619155884,4.674739360809326,1.798895239830017,3.843806743621826,0.6495468020439148,3.7544643878936768,1.3065359592437744,2.935577392578125,0.5496101975440979,,,,,,,,,,,,,,,,
23,37391,,,,,,,,,,,,,,,,,3.887406826019287,1.4761645793914795,3.0743744373321533,0.584725558757782,3.685906171798706,1.2752386331558228,2.870680809020996,0.5353999733924866,5.554625988006592,2.0031213760375977,4.729078769683838,0.6944444179534912,3.637341260910034,1.2449450492858887,2.8220772743225098,0.528276801109314
23,37391,3.7650692462921143,1.4161542654037476,2.9457995891571045,0.5412935614585876,3.7567737102508545,1.3179621696472168,2.9404025077819824,0.5528755187988281,4.713558673858643,1.7827701568603516,3.8836023807525635,0.6435045599937439,3.7420055866241455,1.3024046421051025,2.9260878562927246,0.5525779724121094,,,,,,,,,,,,,,,,
24,38949,,,,,,,,,,,,,,,,,3.9015088081359863,1.4636954069137573,3.0848822593688965,0.553699254989624,3.7758491039276123,1.3219074010849,2.9588472843170166,0.5454000234603882,5.73124885559082,2.0764245986938477,4.903215408325195,0.6805555820465088,3.7329463958740234,1.296683669090271,2.916088819503784,0.5424706339836121
24,38949,3.8038933277130127,1.4205653667449951,2.984959840774536,0.5462686419487,3.752612829208374,1.3101698160171509,2.9341373443603516,0.5508688688278198,4.902535915374756,1.8293049335479736,4.07531213760376,0.6918429136276245,3.731186866760254,1.2927284240722656,2.91288423538208,0.5492115616798401,,,,,,,,,,,,,,,,
25,40507,,,,,,,,,,,,,,,,,3.709390163421631,1.4138723611831665,2.89787220954895,0.5632458329200745,3.6596503257751465,1.2676403522491455,2.8463573455810547,0.531000018119812,5.260446548461914,1.9780287742614746,4.430192947387695,0.7222222089767456,3.6294660568237305,1.2427080869674683,2.8162803649902344,0.5249500870704651
25,40507,3.7873175144195557,1.4117443561553955,2.9694509506225586,0.5522388219833374,3.726236343383789,1.304175853729248,2.9094250202178955,0.5470160841941833,4.6084794998168945,1.7573895454406738,3.7779669761657715,0.6676737070083618,3.707862377166748,1.2879526615142822,2.8913445472717285,0.5447820425033569,,,,,,,,,,,,,,,,
26,42065,,,,,,,,,,,,,,,,,3.7971949577331543,1.4026515483856201,2.9790263175964355,0.5704057216644287,3.670793056488037,1.2571187019348145,2.8530478477478027,0.5306000113487244,5.777462959289551,2.03608775138855,4.949048042297363,0.6805555820465088,3.6254053115844727,1.2311564683914185,2.807872772216797,0.5245065689086914
26,42065,3.8022823333740234,1.4230096340179443,2.9799599647521973,0.5308457612991333,3.709982395172119,1.293969750404358,2.889383316040039,0.5388690233230591,4.530538082122803,1.7580088376998901,3.6995787620544434,0.6283987760543823,3.689735174179077,1.2756770849227905,2.8694405555725098,0.5382707118988037,,,,,,,,,,,,,,,,
27,43623,,,,,,,,,,,,,,,,,3.885084629058838,1.4553521871566772,3.069380521774292,0.577565610408783,3.6629903316497803,1.2602019309997559,2.847231149673462,0.5317999720573425,5.540831565856934,2.021570920944214,4.707273960113525,0.7083333134651184,3.612365484237671,1.2299097776412964,2.7968873977661133,0.5247282981872559
27,43623,3.749823808670044,1.4083878993988037,2.9297938346862793,0.5343283414840698,3.6916394233703613,1.2897816896438599,2.873136281967163,0.5419191718101501,4.501596450805664,1.732122540473938,3.672276496887207,0.6314199566841125,3.674583911895752,1.2727364301681519,2.856377363204956,0.5412827730178833,,,,,,,,,,,,,,,,
28,45181,,,,,,,,,,,,,,,,,3.820458173751831,1.435140609741211,3.006159782409668,0.5871121883392334,3.6636741161346436,1.2382097244262695,2.8476052284240723,0.5383999943733215,5.436800003051758,1.9498168230056763,4.61068058013916,0.6666666865348816,3.6207916736602783,1.2085474729537964,2.8047194480895996,0.5318252444267273
28,45181,3.7864856719970703,1.4162743091583252,2.9680166244506836,0.5422885417938232,3.6871936321258545,1.29060959815979,2.869513988494873,0.5407553315162659,4.707232475280762,1.7594691514968872,3.8766322135925293,0.6858006119728088,3.663398504257202,1.2725458145141602,2.8459794521331787,0.5384922027587891,,,,,,,,,,,,,,,,
29,46739,,,,,,,,,,,,,,,,,3.7285408973693848,1.3796213865280151,2.9152047634124756,0.5727923512458801,3.725450277328491,1.2683653831481934,2.9062914848327637,0.5486000180244446,6.344143867492676,2.2546393871307373,5.51572322845459,0.7083333134651184,3.683347702026367,1.2422783374786377,2.863795518875122,0.5438013076782227
29,46739,3.767380714416504,1.3972398042678833,2.950005292892456,0.5522388219833374,3.6729772090911865,1.2852389812469482,2.856335163116455,0.5411566495895386,4.517575740814209,1.6941018104553223,3.691955804824829,0.616314172744751,3.652188777923584,1.2692731618881226,2.835742950439453,0.5390680432319641,,,,,,,,,,,,,,,,
30,48297,,,,,,,,,,,,,,,,,3.728794813156128,1.4055683612823486,2.9084014892578125,0.5155131220817566,3.5458598136901855,1.2089341878890991,2.7255983352661133,0.49619999527931213,5.61884880065918,1.9775701761245728,4.78852653503418,0.6388888955116272,3.4957573413848877,1.1783884763717651,2.675668716430664,0.49212685227394104
30,48297,3.6497602462768555,1.3507705926895142,2.8315906524658203,0.5238806009292603,3.572943687438965,1.2316560745239258,2.755110502243042,0.5228157639503479,4.465301990509033,1.7332055568695068,3.637676954269409,0.6404833793640137,3.5530173778533936,1.2136963605880737,2.735365867614746,0.5209957361221313,,,,,,,,,,,,,,,,
31,49855,,,,,,,,,,,,,,,,,3.9465699195861816,1.5074241161346436,3.119692325592041,0.5322195887565613,3.644418716430664,1.2380300760269165,2.820800304412842,0.4912000000476837,5.5606584548950195,2.0789506435394287,4.7236714363098145,0.5972222089767456,3.5857410430908203,1.1995686292648315,2.762640953063965,0.4856952726840973
31,49855,3.6184139251708984,1.3347601890563965,2.7999210357666016,0.5144278407096863,3.556997299194336,1.2234567403793335,2.7385356426239014,0.5164345502853394,4.547423362731934,1.683383584022522,3.716644287109375,0.6676737070083618,3.537010431289673,1.2068042755126953,2.7187321186065674,0.5143958330154419,,,,,,,,,,,,,,,,
32,51413,,,,,,,,,,,,,,,,,3.7943503856658936,1.4244887828826904,2.9767990112304688,0.5751789808273315,3.562215566635132,1.2168452739715576,2.742004871368408,0.5103999972343445,5.594878673553467,2.0589487552642822,4.764565467834473,0.6666666865348816,3.508185386657715,1.18410325050354,2.68789005279541,0.5018851161003113
32,51413,3.6532068252563477,1.34064519405365,2.833482027053833,0.5194029808044434,3.536813497543335,1.21968674659729,2.7180163860321045,0.5144680142402649,4.624842643737793,1.7425891160964966,3.7948801517486572,0.6676737070083618,3.5104963779449463,1.2012500762939453,2.6919476985931396,0.5117824077606201,,,,,,,,,,,,,,,,
33,52971,,,,,,,,,,,,,,,,,3.7023797035217285,1.388756513595581,2.8870065212249756,0.5489259958267212,3.5213563442230225,1.190571665763855,2.7047343254089355,0.49000000953674316,5.515934944152832,2.0118370056152344,4.686463832855225,0.6388888955116272,3.472684860229492,1.159041166305542,2.656153678894043,0.48214682936668396
33,52971,3.614243984222412,1.323163628578186,2.7965288162231445,0.5238806009292603,3.526259660720825,1.2100746631622314,2.709030866622925,0.5184010863304138,4.571250915527344,1.6847764253616333,3.7433197498321533,0.6616314053535461,3.5030996799468994,1.1930478811264038,2.686077833175659,0.5158132314682007,,,,,,,,,,,,,,,,
34,54529,,,,,,,,,,,,,,,,,3.5857436656951904,1.366565465927124,2.766404867172241,0.5131264925003052,3.529442071914673,1.2006298303604126,2.7099251747131348,0.4819999933242798,5.901329517364502,2.1224002838134766,5.07332706451416,0.6805555820465088,3.4863359928131104,1.1704918146133423,2.6669371128082275,0.47593700885772705
34,54529,3.662607431411743,1.3259446620941162,2.8437769412994385,0.5358209013938904,3.5100760459899902,1.2050530910491943,2.691805839538574,0.5122607350349426,4.340155124664307,1.6622430086135864,3.5136024951934814,0.6132930517196655,3.4843242168426514,1.1875869035720825,2.6662302017211914,0.5086817741394043,,,,,,,,,,,,,,,,
35,56087,,,,,,,,,,,,,,,,,3.6756649017333984,1.3773047924041748,2.8589601516723633,0.5489259958267212,3.5086843967437744,1.185644507408142,2.6909706592559814,0.4887999892234802,5.52321720123291,1.972677230834961,4.692821502685547,0.625,3.4609994888305664,1.1552679538726807,2.6433961391448975,0.4810379147529602
35,56087,3.5527448654174805,1.31550133228302,2.734224796295166,0.4905472695827484,3.4837987422943115,1.1977258920669556,2.6662778854370117,0.5052775144577026,4.314048767089844,1.6458827257156372,3.4838361740112305,0.6193353533744812,3.465487480163574,1.1806691884994507,2.6482415199279785,0.5049167275428772,,,,,,,,,,,,,,,,
36,57645,,,,,,,,,,,,,,,,,3.6788671016693115,1.3733152151107788,2.860642671585083,0.5035799741744995,3.496399164199829,1.1729745864868164,2.6793243885040283,0.4726000130176544,5.6269965171813965,1.9881420135498047,4.793540954589844,0.6111111044883728,3.445420742034912,1.1413406133651733,2.628715753555298,0.4675094187259674
36,57645,3.553335666656494,1.3075063228607178,2.7355072498321533,0.5039801001548767,3.4977126121520996,1.1979706287384033,2.681058645248413,0.5075651407241821,4.525938034057617,1.6703500747680664,3.6959118843078613,0.6676737070083618,3.4776837825775146,1.1812915802001953,2.661334991455078,0.5055368542671204,,,,,,,,,,,,,,,,
37,59203,,,,,,,,,,,,,,,,,3.679488182067871,1.3661168813705444,2.859504461288452,0.5322195887565613,3.5280463695526123,1.1974387168884277,2.7092413902282715,0.4936000108718872,5.786364555358887,2.0350654125213623,4.958029747009277,0.6805555820465088,3.4779133796691895,1.1683894395828247,2.659369945526123,0.4870259463787079
37,59203,3.558622121810913,1.2837344408035278,2.7408487796783447,0.49353232979774475,3.475450038909912,1.1937594413757324,2.6584668159484863,0.4999799430370331,4.368460178375244,1.627489686012268,3.538665771484375,0.6132930517196655,3.4549503326416016,1.1793895959854126,2.638225793838501,0.4988926351070404,,,,,,,,,,,,,,,,
38,60761,,,,,,,,,,,,,,,,,3.72094464302063,1.3669623136520386,2.903047800064087,0.5369928479194641,3.539963960647583,1.2057762145996094,2.720848560333252,0.5001999735832214,5.467824935913086,2.0082132816314697,4.637949466705322,0.6388888955116272,3.492361307144165,1.1779842376708984,2.673305034637451,0.494566410779953
38,60761,3.5413529872894287,1.3010773658752441,2.721909284591675,0.5199005007743835,3.4733569622039795,1.1929527521133423,2.655031204223633,0.5065216422080994,4.394362449645996,1.6712008714675903,3.5657873153686523,0.6193353533744812,3.4538002014160156,1.1763145923614502,2.6357243061065674,0.5036764740943909,,,,,,,,,,,,,,,,
39,62319,,,,,,,,,,,,,,,,,3.7317066192626953,1.380557656288147,2.912477731704712,0.5369928479194641,3.5222694873809814,1.1955865621566772,2.702971935272217,0.49079999327659607,5.61990213394165,2.026395559310913,4.786022186279297,0.6666666865348816,3.469313144683838,1.165131688117981,2.650240421295166,0.4836992621421814
39,62319,3.5341556072235107,1.2903214693069458,2.715324640274048,0.5104477405548096,3.4562246799468994,1.186069130897522,2.6390700340270996,0.5105751156806946,4.217936992645264,1.6207187175750732,3.3844802379608154,0.6012084484100342,3.438117265701294,1.1704142093658447,2.6213507652282715,0.5092576146125793,,,,,,,,,,,,,,,,
40,63877,,,,,,,,,,,,,,,,,3.773149251937866,1.383874773979187,2.95377779006958,0.5751789808273315,3.4997141361236572,1.178578495979309,2.679316759109497,0.4885999858379364,5.551218032836914,2.007573127746582,4.720319747924805,0.625,3.441546678543091,1.146263837814331,2.6212215423583984,0.478376567363739
40,63877,3.4952635765075684,1.268082857131958,2.675229072570801,0.4955223798751831,3.4150967597961426,1.1602967977523804,2.5974907875061035,0.4951639473438263,4.417361736297607,1.6440632343292236,3.5873565673828125,0.616314172744751,3.3932650089263916,1.143607497215271,2.576058864593506,0.49335578083992004,,,,,,,,,,,,,,,,
41,65435,,,,,,,,,,,,,,,,,3.7676730155944824,1.3882275819778442,2.9451208114624023,0.5441527366638184,3.4751973152160645,1.1644059419631958,2.6531033515930176,0.4724000096321106,5.5284953117370605,2.002305507659912,4.697079658508301,0.5694444179534912,3.4152321815490723,1.1302270889282227,2.5933291912078857,0.4641827344894409
41,65435,3.4535136222839355,1.266857624053955,2.6334340572357178,0.4915422797203064,3.4069223403930664,1.1572308540344238,2.5886592864990234,0.49323755502700806,4.192888259887695,1.6041148900985718,3.362217664718628,0.6283987760543823,3.3912503719329834,1.140917420387268,2.5733327865600586,0.49140679836273193,,,,,,,,,,,,,,,,
42,66993,,,,,,,,,,,,,,,,,3.695023775100708,1.3830435276031494,2.876694917678833,0.5393794775009155,3.4605698585510254,1.1539628505706787,2.641465425491333,0.477400004863739,5.530546188354492,1.9297019243240356,4.699965476989746,0.7222222089767456,3.405729055404663,1.120288610458374,2.5867364406585693,0.46773120760917664
42,66993,3.4285473823547363,1.250030279159546,2.6085546016693115,0.48905473947525024,3.390096426010132,1.1496719121932983,2.5724165439605713,0.49187302589416504,4.336297512054443,1.5667202472686768,3.5071914196014404,0.6193353533744812,3.372800588607788,1.134621500968933,2.5554914474487305,0.4902551472187042,,,,,,,,,,,,,,,,
43,68551,,,,,,,,,,,,,,,,,3.7372074127197266,1.3826255798339844,2.916534423828125,0.5346062183380127,3.4720981121063232,1.1703029870986938,2.6520047187805176,0.47360000014305115,5.3989033699035645,2.003896713256836,4.566586017608643,0.6388888955116272,3.4166946411132812,1.137261986732483,2.596850872039795,0.4652916491031647
43,68551,3.4210948944091797,1.2536187171936035,2.6026275157928467,0.4955223798751831,3.3769326210021973,1.1481549739837646,2.5605852603912354,0.4911506175994873,4.198389530181885,1.5883715152740479,3.3696348667144775,0.6223564743995667,3.3609585762023926,1.1323108673095703,2.5449788570404053,0.48883768916130066,,,,,,,,,,,,,,,,
44,70109,,,,,,,,,,,,,,,,,3.803858995437622,1.4125930070877075,2.9840493202209473,0.5441527366638184,3.4778754711151123,1.1708277463912964,2.6579642295837402,0.47999998927116394,5.6799092292785645,1.990906000137329,4.846443176269531,0.6805555820465088,3.4124202728271484,1.1352667808532715,2.5927178859710693,0.4708361029624939
44,70109,3.4336941242218018,1.2576361894607544,2.6137232780456543,0.4900497496128082,3.3736507892608643,1.1487810611724854,2.5561113357543945,0.4875386357307434,4.158418655395508,1.575189232826233,3.327303409576416,0.6253776550292969,3.356797933578491,1.1328366994857788,2.53967022895813,0.4852941036224365,,,,,,,,,,,,,,,,
45,71667,,,,,,,,,,,,,,,,,3.760770082473755,1.4056750535964966,2.9341166019439697,0.5298329591751099,3.493520736694336,1.16573166847229,2.671516180038452,0.4781999886035919,5.225943088531494,1.920107364654541,4.385909080505371,0.6666666865348816,3.441021203994751,1.131388545036316,2.619737386703491,0.4703925549983978
45,71667,3.436312198638916,1.2505664825439453,2.6167752742767334,0.5099502205848694,3.3760874271392822,1.1471186876296997,2.5585312843322754,0.4941204786300659,4.083853721618652,1.5718343257904053,3.2559876441955566,0.5981873273849487,3.360347032546997,1.1316821575164795,2.5431199073791504,0.49118533730506897,,,,,,,,,,,,,,,,
46,73225,,,,,,,,,,,,,,,,,3.6225411891937256,1.3749821186065674,2.8044726848602295,0.482100248336792,3.426739454269409,1.1467431783676147,2.609534740447998,0.4618000090122223,5.4146318435668945,1.9269137382507324,4.58327054977417,0.6666666865348816,3.3768014907836914,1.113075852394104,2.559903144836426,0.4566422700881958
46,73225,3.449735641479492,1.2384796142578125,2.6312973499298096,0.49850746989250183,3.3678512573242188,1.1440467834472656,2.5508668422698975,0.49203354120254517,4.186925411224365,1.6011085510253906,3.35929799079895,0.6223564743995667,3.348548412322998,1.1289383172988892,2.5318541526794434,0.48954641819000244,,,,,,,,,,,,,,,,
47,74783,,,,,,,,,,,,,,,,,3.6393308639526367,1.3923804759979248,2.819363594055176,0.48926013708114624,3.44095778465271,1.1549782752990723,2.6223244667053223,0.4691999852657318,5.611020088195801,1.9586145877838135,4.777029037475586,0.6805555820465088,3.3878724575042725,1.1200846433639526,2.569608688354492,0.4639609754085541
47,74783,3.4477550983428955,1.2508896589279175,2.629336357116699,0.4995024800300598,3.3661532402038574,1.1396342515945435,2.549562692642212,0.4929164946079254,4.10906982421875,1.5412254333496094,3.2793304920196533,0.6314199566841125,3.3479957580566406,1.123840093612671,2.53175950050354,0.49029943346977234,,,,,,,,,,,,,,,,
48,76341,,,,,,,,,,,,,,,,,3.6740238666534424,1.3840129375457764,2.8544411659240723,0.5322195887565613,3.4239323139190674,1.1501952409744263,2.6049981117248535,0.46860000491142273,5.362557411193848,1.952371597290039,4.531466007232666,0.625,3.3697383403778076,1.1156585216522217,2.551058530807495,0.4601907432079315
48,76341,3.4527463912963867,1.2453781366348267,2.6329283714294434,0.4950248897075653,3.3613295555114746,1.1398191452026367,2.5435850620269775,0.4844082295894623,4.139405727386475,1.5391489267349243,3.3093769550323486,0.6283987760543823,3.341780662536621,1.1245667934417725,2.5244038105010986,0.4813518822193146,,,,,,,,,,,,,,,,
49,77899,,,,,,,,,,,,,,,,,3.6424360275268555,1.3732962608337402,2.8206725120544434,0.5513126254081726,3.4350414276123047,1.1496325731277466,2.615001916885376,0.4745999872684479,5.629233360290527,1.9861528873443604,4.795804500579834,0.6388888955116272,3.380732774734497,1.1154905557632446,2.5610668659210205,0.4648480713367462
49,77899,3.3589460849761963,1.2456519603729248,2.5397725105285645,0.4746268689632416,3.3318684101104736,1.1306006908416748,2.5138089656829834,0.4829634428024292,3.9730513095855713,1.5108050107955933,3.143144130706787,0.6042296290397644,3.3200559616088867,1.1147841215133667,2.5022692680358887,0.4819277226924896,,,,,,,,,,,,,,,,
50,79457,,,,,,,,,,,,,,,,,3.681436061859131,1.3926407098770142,2.859860420227051,0.5250596404075623,3.436027765274048,1.1444388628005981,2.6162257194519043,0.46320000290870667,5.462977886199951,1.954252004623413,4.630093097686768,0.6388888955116272,3.380856513977051,1.1084431409835815,2.561429977416992,0.4546462595462799
50,79457,3.3512697219848633,1.2148090600967407,2.5318374633789062,0.48407959938049316,3.3071892261505127,1.1204394102096558,2.4897093772888184,0.4769033193588257,4.173845291137695,1.542962908744812,3.3445417881011963,0.6012084484100342,3.290558099746704,1.1058411598205566,2.4734249114990234,0.47444188594818115,,,,,,,,,,,,,,,,
51,81015,,,,,,,,,,,,,,,,,3.6525611877441406,1.3881947994232178,2.8330986499786377,0.5059666037559509,3.422292470932007,1.1415868997573853,2.60305118560791,0.46140000224113464,5.464750289916992,1.9187766313552856,4.633246898651123,0.6666666865348816,3.3682808876037598,1.1062605381011963,2.549254894256592,0.4539809226989746
51,81015,3.3642630577087402,1.1972018480300903,2.545161724090576,0.48855721950531006,3.3062405586242676,1.1125015020370483,2.4890406131744385,0.47750532627105713,4.169508934020996,1.5459489822387695,3.339460849761963,0.5951661467552185,3.2884163856506348,1.0986049175262451,2.471578359603882,0.47479623556137085,,,,,,,,,,,,,,,,
52,82573,,,,,,,,,,,,,,,,,3.645775556564331,1.3998349905014038,2.8257789611816406,0.5083532333374023,3.404296875,1.1406211853027344,2.5853829383850098,0.4537999927997589,5.339666366577148,1.9520727396011353,4.508645534515381,0.6388888955116272,3.3509531021118164,1.1035765409469604,2.5323328971862793,0.4457751214504242
52,82573,3.378108501434326,1.2156206369400024,2.5591583251953125,0.48855721950531006,3.3138904571533203,1.1165010929107666,2.496391534805298,0.47686317563056946,4.235813140869141,1.5386087894439697,3.407486915588379,0.6193353533744812,3.294654130935669,1.1014868021011353,2.4774441719055176,0.47373315691947937,,,,,,,,,,,,,,,,
53,84131,,,,,,,,,,,,,,,,,3.7256357669830322,1.405888319015503,2.9048354625701904,0.5083532333374023,3.4304776191711426,1.1451961994171143,2.6099846363067627,0.46320000290870667,5.585207939147949,2.016113042831421,4.750002384185791,0.6388888955116272,3.368644952774048,1.1070643663406372,2.548413038253784,0.45619872212409973
53,84131,3.362678050994873,1.2153648138046265,2.544384002685547,0.4875621795654297,3.293900728225708,1.1155929565429688,2.4762887954711914,0.4710037410259247,4.190166473388672,1.568354606628418,3.3609085083007812,0.5830815434455872,3.2746338844299316,1.1000726222991943,2.4572560787200928,0.4678862392902374,,,,,,,,,,,,,,,,
54,85689,,,,,,,,,,,,,,,,,3.673238754272461,1.3863885402679443,2.853557825088501,0.5059666037559509,3.412733316421509,1.1383099555969238,2.5935535430908203,0.46299999952316284,5.336641788482666,1.902912974357605,4.502721786499023,0.5972222089767456,3.357805013656616,1.103047490119934,2.5389063358306885,0.45686405897140503
54,85689,3.336470603942871,1.2022706270217896,2.517890453338623,0.47114428877830505,3.2992024421691895,1.111373782157898,2.4816043376922607,0.47244852781295776,4.197141170501709,1.536787748336792,3.366579055786133,0.6072507500648499,3.2827203273773193,1.097043752670288,2.465395450592041,0.47058823704719543,,,,,,,,,,,,,,,,
55,87247,,,,,,,,,,,,,,,,,3.7000176906585693,1.3881486654281616,2.879087209701538,0.5250596404075623,3.4212348461151123,1.1439772844314575,2.6012513637542725,0.4681999981403351,5.456470966339111,1.981310486793518,4.625123500823975,0.6527777910232544,3.3628313541412354,1.1079168319702148,2.5431153774261475,0.4599689543247223
55,87247,3.3547356128692627,1.2230125665664673,2.534498929977417,0.4865671694278717,3.3064255714416504,1.1175373792648315,2.4884731769561768,0.4785086512565613,4.118509292602539,1.5487457513809204,3.2883832454681396,0.616314172744751,3.290215492248535,1.1018245220184326,2.4726459980010986,0.4757707417011261,,,,,,,,,,,,,,,,
56,88805,,,,,,,,,,,,,,,,,3.6822052001953125,1.3823542594909668,2.862051248550415,0.5274463295936584,3.407383918762207,1.1362049579620361,2.5881266593933105,0.45820000767707825,5.518235683441162,1.9517260789871216,4.686600685119629,0.6388888955116272,3.3481388092041016,1.1003087759017944,2.5291621685028076,0.44888001680374146
56,88805,3.358818292617798,1.211462140083313,2.53938627243042,0.4865671694278717,3.303879499435425,1.1110663414001465,2.485924243927002,0.47481638193130493,4.1960978507995605,1.5444557666778564,3.3666720390319824,0.6072507500648499,3.2859091758728027,1.0957732200622559,2.468250274658203,0.47182849049568176,,,,,,,,,,,,,,,,
57,90363,,,,,,,,,,,,,,,,,3.6555256843566895,1.3792980909347534,2.835232973098755,0.5346062183380127,3.3902809619903564,1.134978175163269,2.5717554092407227,0.4560000002384186,5.423290252685547,1.95328950881958,4.592161178588867,0.625,3.3331680297851562,1.099208116531372,2.5150089263916016,0.44599688053131104
57,90363,3.313208818435669,1.1938875913619995,2.49371337890625,0.4696517288684845,3.2897205352783203,1.1118159294128418,2.4721434116363525,0.4714050590991974,4.23549747467041,1.5249364376068115,3.405963182449341,0.634441077709198,3.2737672328948975,1.098452091217041,2.4565305709838867,0.46917080879211426,,,,,,,,,,,,,,,,
58,91921,,,,,,,,,,,,,,,,,3.6633219718933105,1.386598825454712,2.843186378479004,0.5202863812446594,3.410430431365967,1.1362718343734741,2.592172861099243,0.4553999900817871,5.527592182159424,1.978137493133545,4.697385787963867,0.6111111044883728,3.353123664855957,1.09956693649292,2.535231113433838,0.44688400626182556
58,91921,3.3367581367492676,1.2071313858032227,2.5179965496063232,0.4701492488384247,3.2878949642181396,1.107984185218811,2.470423460006714,0.47405385971069336,4.100831508636475,1.512449860572815,3.2688724994659424,0.6102719306945801,3.2716193199157715,1.0932269096374512,2.4544789791107178,0.4724043309688568,,,,,,,,,,,,,,,,
59,93479,,,,,,,,,,,,,,,,,3.651317834854126,1.3804820775985718,2.8314566612243652,0.5083532333374023,3.4097635746002197,1.1368180513381958,2.591266393661499,0.45879998803138733,5.572615623474121,1.9976285696029663,4.740860939025879,0.6388888955116272,3.352780818939209,1.1004292964935303,2.534620761871338,0.4513195753097534
59,93479,3.304767370223999,1.2021894454956055,2.4855077266693115,0.46716418862342834,3.28718638420105,1.1093344688415527,2.46989369392395,0.47004052996635437,4.179800510406494,1.5568419694900513,3.3488447666168213,0.616314172744751,3.272536039352417,1.094506859779358,2.455615520477295,0.4681520164012909,,,,,,,,,,,,,,,,
60,95037,,,,,,,,,,,,,,,,,3.673090696334839,1.3969980478286743,2.8531603813171387,0.517899751663208,3.4162850379943848,1.1452265977859497,2.597334384918213,0.4607999920845032,5.494565010070801,2.002363443374634,4.660912036895752,0.6388888955116272,3.359234571456909,1.10814368724823,2.5406112670898438,0.452650249004364
60,95037,3.354018211364746,1.2085124254226685,2.535271406173706,0.4870646893978119,3.304931640625,1.1120860576629639,2.4878432750701904,0.4773447811603546,4.216576099395752,1.5393338203430176,3.386639356613159,0.6012084484100342,3.287193775177002,1.0972363948822021,2.47044038772583,0.4746633470058441,,,,,,,,,,,,,,,,
61,96595,,,,,,,,,,,,,,,,,3.6630988121032715,1.4038774967193604,2.8406825065612793,0.49403342604637146,3.4428489208221436,1.1438978910446167,2.6231436729431152,0.46219998598098755,5.274660110473633,1.9069709777832031,4.443122863769531,0.5972222089767456,3.3931310176849365,1.10755455493927,2.573866844177246,0.45708581805229187
61,96595,3.3043856620788574,1.2011898756027222,2.484419345855713,0.482587069272995,3.2723143100738525,1.1054205894470215,2.455019474029541,0.46947866678237915,4.093780040740967,1.520232915878296,3.2632222175598145,0.6193353533744812,3.257417917251587,1.0908111333847046,2.4405517578125,0.46611446142196655,,,,,,,,,,,,,,,,
62,98153,,,,,,,,,,,,,,,,,3.711033344268799,1.3975011110305786,2.8917396068573,0.5346062183380127,3.4446792602539062,1.1500531435012817,2.6255080699920654,0.4717999994754791,5.401899337768555,1.9841902256011963,4.5697784423828125,0.6111111044883728,3.388673782348633,1.1137394905090332,2.569723129272461,0.46373918652534485
62,98153,3.3099756240844727,1.2006360292434692,2.4906294345855713,0.48059701919555664,3.2922868728637695,1.1066616773605347,2.4750194549560547,0.4722077250480652,4.011125564575195,1.4922373294830322,3.182760715484619,0.6223564743995667,3.280174493789673,1.0926417112350464,2.4632532596588135,0.4692593812942505,,,,,,,,,,,,,,,,
63,99711,,,,,,,,,,,,,,,,,3.724170446395874,1.4097225666046143,2.9043045043945312,0.5155131220817566,3.4082674980163574,1.1393088102340698,2.5885772705078125,0.45980000495910645,5.50621223449707,2.013685941696167,4.672451972961426,0.6527777910232544,3.3454134464263916,1.100218415260315,2.5259628295898438,0.45154136419296265
63,99711,3.3170716762542725,1.1937562227249146,2.4983866214752197,0.47611939907073975,3.2782301902770996,1.1017251014709473,2.4611027240753174,0.47148531675338745,4.085186004638672,1.5223149061203003,3.2548813819885254,0.6132930517196655,3.2629404067993164,1.0873658657073975,2.4461464881896973,0.4689936339855194,,,,,,,,,,,,,,,,
64,101269,,,,,,,,,,,,,,,,,3.6720657348632812,1.3747692108154297,2.8522427082061768,0.5107398629188538,3.412226676940918,1.1404008865356445,2.5929369926452637,0.4620000123977661,5.498992919921875,1.9907870292663574,4.667849063873291,0.6111111044883728,3.3547606468200684,1.105042576789856,2.5357086658477783,0.455089807510376
64,101269,3.314960241317749,1.2002546787261963,2.496150016784668,0.4726368188858032,3.286503314971924,1.1042735576629639,2.468940496444702,0.47337159514427185,4.174042701721191,1.530166745185852,3.343445062637329,0.6042296290397644,3.2709548473358154,1.0894830226898193,2.4536995887756348,0.4715184271335602,,,,,,,,,,,,,,,,
65,102827,,,,,,,,,,,,,,,,,3.7485530376434326,1.386217474937439,2.9285640716552734,0.5274463295936584,3.418605089187622,1.139278769493103,2.598858118057251,0.45660001039505005,5.455650806427002,1.9780133962631226,4.622620105743408,0.625,3.3554162979125977,1.1029393672943115,2.5359060764312744,0.44732755422592163
65,102827,3.333418846130371,1.1908329725265503,2.5139710903167725,0.47661691904067993,3.2786967754364014,1.1025248765945435,2.461087465286255,0.47365251183509827,4.147463798522949,1.5432627201080322,3.317917585372925,0.6072507500648499,3.2610886096954346,1.0882008075714111,2.4438183307647705,0.47142982482910156,,,,,,,,,,,,,,,,
66,104385,,,,,,,,,,,,,,,,,3.6557817459106445,1.3864511251449585,2.8362481594085693,0.49164676666259766,3.4068257808685303,1.136291265487671,2.588237762451172,0.4472000002861023,5.245090007781982,1.9168953895568848,4.411710262298584,0.625,3.3543381690979004,1.1005796194076538,2.5360755920410156,0.4402306377887726
66,104385,3.305795431137085,1.2014111280441284,2.4868361949920654,0.47213929891586304,3.2774834632873535,1.1020755767822266,2.4605627059936523,0.47280973196029663,4.163414001464844,1.5372917652130127,3.3337697982788086,0.6132930517196655,3.2619788646698,1.086850881576538,2.4454219341278076,0.4708096981048584,,,,,,,,,,,,,,,,
67,105943,,,,,,,,,,,,,,,,,3.730130910873413,1.4073704481124878,2.9095287322998047,0.5155131220817566,3.41965389251709,1.1391597986221313,2.6000258922576904,0.46160000562667847,5.562631607055664,1.9646638631820679,4.728681564331055,0.6527777910232544,3.356583595275879,1.1010541915893555,2.537275791168213,0.45353737473487854
67,105943,3.295896530151367,1.191584825515747,2.4769108295440674,0.47910448908805847,3.2664148807525635,1.100538730621338,2.4495270252227783,0.47068268060684204,4.136760234832764,1.5038379430770874,3.306805372238159,0.6132930517196655,3.251026153564453,1.0865193605422974,2.4345216751098633,0.4678419530391693,,,,,,,,,,,,,,,,
68,107501,,,,,,,,,,,,,,,,,3.7148361206054688,1.3936562538146973,2.8946852684020996,0.5131264925003052,3.399900436401367,1.1359238624572754,2.58065128326416,0.4575999975204468,5.5036091804504395,1.9727797508239746,4.669325828552246,0.6527777910232544,3.3370440006256104,1.098610758781433,2.518115758895874,0.4493235647678375
68,107501,3.349912166595459,1.2037498950958252,2.5303773880004883,0.4686567187309265,3.2772765159606934,1.1008386611938477,2.4594717025756836,0.4702411890029907,4.156159400939941,1.5092426538467407,3.3259689807891846,0.6102719306945801,3.257923126220703,1.0856890678405762,2.440455675125122,0.46832919120788574,,,,,,,,,,,,,,,,
69,109059,,,,,,,,,,,,,,,,,3.6967062950134277,1.4073474407196045,2.874678134918213,0.5059666037559509,3.392896890640259,1.1365514993667603,2.57399582862854,0.44780001044273376,5.655059814453125,2.00459885597229,4.821743965148926,0.5972222089767456,3.328542470932007,1.0975267887115479,2.5101633071899414,0.44000887870788574
69,109059,3.2932257652282715,1.1901808977127075,2.4741640090942383,0.46766167879104614,3.270250082015991,1.098685383796692,2.4528565406799316,0.4692780077457428,4.049271106719971,1.493162989616394,3.220172882080078,0.5951661467552185,3.2567858695983887,1.0847561359405518,2.4397103786468506,0.46757617592811584,,,,,,,,,,,,,,,,
70,110617,,,,,,,,,,,,,,,,,3.737896203994751,1.4003170728683472,2.9163174629211426,0.5131264925003052,3.399357795715332,1.1358810663223267,2.580319404602051,0.4560000002384186,5.658080577850342,2.0055463314056396,4.822554111480713,0.6388888955116272,3.331831932067871,1.097421646118164,2.5132923126220703,0.4477711319923401
70,110617,3.2960500717163086,1.1865946054458618,2.477043628692627,0.4696517288684845,3.26735520362854,1.0961573123931885,2.45009183883667,0.47040173411369324,4.063456058502197,1.509790301322937,3.234591007232666,0.6012084484100342,3.2531261444091797,1.0820424556732178,2.4361932277679443,0.4685506820678711,,,,,,,,,,,,,,,,
71,112175,,,,,,,,,,,,,,,,,3.7142770290374756,1.3885526657104492,2.8929903507232666,0.4988066852092743,3.4133081436157227,1.1414240598678589,2.5941357612609863,0.46399998664855957,5.730327606201172,2.033344268798828,4.8960041999816895,0.6388888955116272,3.3483431339263916,1.1042170524597168,2.5296084880828857,0.4579729437828064
71,112175,3.3143198490142822,1.1956768035888672,2.494990110397339,0.4865671694278717,3.262944459915161,1.0991920232772827,2.445324182510376,0.4690372049808502,4.199981212615967,1.533716082572937,3.366051197052002,0.6253776550292969,3.2446320056915283,1.0842320919036865,2.427403688430786,0.4651842713356018,,,,,,,,,,,,,,,,
72,113733,,,,,,,,,,,,,,,,,3.68982195854187,1.40018630027771,2.8686559200286865,0.5155131220817566,3.4089953899383545,1.1466143131256104,2.5901834964752197,0.46059998869895935,5.55690336227417,2.0020077228546143,4.72278356552124,0.625,3.348601818084717,1.1093909740447998,2.5302536487579346,0.45287203788757324
72,113733,3.2341768741607666,1.173561692237854,2.415093183517456,0.4472636878490448,3.2565805912017822,1.0958510637283325,2.4397964477539062,0.4682345390319824,4.215246677398682,1.582200288772583,3.3854758739471436,0.6283987760543823,3.244523286819458,1.081802248954773,2.428131103515625,0.4677533805370331,,,,,,,,,,,,,,,,
73,115291,,,,,,,,,,,,,,,,,3.743335008621216,1.412009596824646,2.9227850437164307,0.4964200556278229,3.4242913722991943,1.1389364004135132,2.605501890182495,0.4618000090122223,5.6755290031433105,2.00103759765625,4.842684745788574,0.6527777910232544,3.3586952686309814,1.099794864654541,2.540294885635376,0.45553338527679443
73,115291,3.2597148418426514,1.182382345199585,2.440049648284912,0.4507462680339813,3.259671688079834,1.0987427234649658,2.4421803951263428,0.46735161542892456,4.076096534729004,1.5012164115905762,3.246234178543091,0.6012084484100342,3.247699737548828,1.085394024848938,2.4305810928344727,0.46686747670173645,,,,,,,,,,,,,,,,
74,116849,,,,,,,,,,,,,,,,,3.7163915634155273,1.3820583820343018,2.8954501152038574,0.49403342604637146,3.4078292846679688,1.1371620893478394,2.5890848636627197,0.45019999146461487,5.729667663574219,2.021174192428589,4.896872520446777,0.625,3.34208083152771,1.1002893447875977,2.5237655639648438,0.44333556294441223
74,116849,3.2947113513946533,1.192830204963684,2.4756243228912354,0.46766167879104614,3.255418300628662,1.0924084186553955,2.4382238388061523,0.4687562584877014,4.076667308807373,1.5291037559509277,3.2450175285339355,0.5981873273849487,3.239877700805664,1.0770649909973145,2.423068046569824,0.4669560492038727,,,,,,,,,,,,,,,,
75,118407,,,,,,,,,,,,,,,,,3.6821393966674805,1.385185718536377,2.860677480697632,0.5059666037559509,3.4147965908050537,1.14070725440979,2.5957562923431396,0.4675999879837036,5.597574234008789,2.0080559253692627,4.764371871948242,0.6805555820465088,3.355100154876709,1.104138970375061,2.5365090370178223,0.4606342911720276
75,118407,3.298518180847168,1.1835460662841797,2.478686571121216,0.47114428877830505,3.2540431022644043,1.093237042427063,2.437227725982666,0.4661877453327179,4.1642656326293945,1.4954203367233276,3.334908962249756,0.6586102843284607,3.2367379665374756,1.0793009996414185,2.4203755855560303,0.4629252254962921,,,,,,,,,,,,,,,,
76,119965,,,,,,,,,,,,,,,,,3.7292320728302,1.3972660303115845,2.906646728515625,0.5274463295936584,3.409287452697754,1.1342233419418335,2.5905919075012207,0.4537999927997589,5.5049729347229,1.9725499153137207,4.670193672180176,0.5833333134651184,3.3460919857025146,1.0963934659957886,2.528015375137329,0.44488799571990967
76,119965,3.258270263671875,1.1803481578826904,2.438361406326294,0.4601989984512329,3.2615151405334473,1.0944238901138306,2.444378614425659,0.4690372049808502,3.969099283218384,1.5064046382904053,3.141268253326416,0.6102719306945801,3.2514281272888184,1.080733299255371,2.434697389602661,0.4677533805370331,,,,,,,,,,,,,,,,
77,121523,,,,,,,,,,,,,,,,,3.6747303009033203,1.3789843320846558,2.8533554077148438,0.5131264925003052,3.385748863220215,1.1299734115600586,2.567142963409424,0.4560000002384186,5.520997524261475,1.9682284593582153,4.6880292892456055,0.5833333134651184,3.324798107147217,1.0934491157531738,2.5066795349121094,0.4486582279205322
77,121523,3.2729439735412598,1.1738958358764648,2.4539365768432617,0.4601989984512329,3.256058931350708,1.0861196517944336,2.439019203186035,0.4693984091281891,4.125401973724365,1.4927250146865845,3.2961297035217285,0.652567982673645,3.2418127059936523,1.0723437070846558,2.425123691558838,0.46753188967704773,,,,,,,,,,,,,,,,
78,123081,,,,,,,,,,,,,,,,,3.7907683849334717,1.4088006019592285,2.969573497772217,0.5441527366638184,3.4183108806610107,1.1408119201660156,2.5988709926605225,0.4596000015735626,5.6309709548950195,2.0186169147491455,4.797666549682617,0.625,3.3483686447143555,1.1018924713134766,2.5293145179748535,0.4491018056869507
78,123081,3.3275885581970215,1.1881422996520996,2.508913278579712,0.4776119291782379,3.2455201148986816,1.088031530380249,2.429037570953369,0.47012078762054443,4.116428852081299,1.5069642066955566,3.2885632514953613,0.6253776550292969,3.2254481315612793,1.0729758739471436,2.4093213081359863,0.46717754006385803,,,,,,,,,,,,,,,,
79,124639,,,,,,,,,,,,,,,,,3.7422962188720703,1.4019675254821777,2.920659065246582,0.517899751663208,3.42012882232666,1.1394710540771484,2.5999362468719482,0.46540001034736633,5.731874465942383,2.0280580520629883,4.897356033325195,0.6388888955116272,3.3532779216766357,1.1008893251419067,2.5334463119506836,0.45775115489959717
79,124639,3.265333414077759,1.170844554901123,2.4470324516296387,0.47910448908805847,3.2527832984924316,1.0913618803024292,2.4359869956970215,0.4682345390319824,4.0381760597229,1.5108633041381836,3.209023952484131,0.5861027240753174,3.240149974822998,1.078135371208191,2.4236724376678467,0.4655386209487915,,,,,,,,,,,,,,,,
80,126197,,,,,,,,,,,,,,,,,3.715665340423584,1.395583152770996,2.8941733837127686,0.5011933445930481,3.3931703567504883,1.1334539651870728,2.573746919631958,0.4505999982357025,5.652887344360352,1.9963421821594238,4.818798542022705,0.6527777910232544,3.3271193504333496,1.0953172445297241,2.5081210136413574,0.44267022609710693
80,126197,3.2836084365844727,1.1905171871185303,2.4646263122558594,0.4746268689632416,3.2339203357696533,1.0873332023620605,2.416964054107666,0.46329814195632935,4.009136199951172,1.4919623136520386,3.178241014480591,0.6223564743995667,3.2181313037872314,1.0722140073776245,2.4015607833862305,0.459957480430603,,,,,,,,,,,,,,,,
81,127755,,,,,,,,,,,,,,,,,3.759064197540283,1.4021271467208862,2.9369499683380127,0.517899751663208,3.429702043533325,1.1412129402160645,2.6092653274536133,0.4611999988555908,5.641698360443115,2.034156322479248,4.806328773498535,0.6111111044883728,3.363774299621582,1.1027084589004517,2.5437309741973877,0.45353737473487854
81,127755,3.223971366882324,1.1762419939041138,2.405116319656372,0.4616915285587311,3.237592935562134,1.0886858701705933,2.41998553276062,0.46329814195632935,3.9840335845947266,1.4905328750610352,3.152167797088623,0.6102719306945801,3.22786021232605,1.0749982595443726,2.4105732440948486,0.461286336183548,,,,,,,,,,,,,,,,
82,129313,,,,,,,,,,,,,,,,,3.693246603012085,1.382133960723877,2.8728432655334473,0.5083532333374023,3.3904366493225098,1.1305285692214966,2.5717239379882812,0.4560000002384186,5.560678005218506,1.9612516164779663,4.724916458129883,0.6388888955116272,3.327643871307373,1.0938829183578491,2.5093600749969482,0.44821467995643616
82,129313,3.2610998153686523,1.1815476417541504,2.442150831222534,0.4641790986061096,3.251469612121582,1.0890432596206665,2.433974504470825,0.4664285480976105,4.193227767944336,1.5291430950164795,3.3631093502044678,0.6072507500648499,3.2368056774139404,1.074354887008667,2.4196243286132812,0.46456414461135864,,,,,,,,,,,,,,,,
83,130871,,,,,,,,,,,,,,,,,3.753152370452881,1.4016488790512085,2.930652618408203,0.5369928479194641,3.4415550231933594,1.1471505165100098,2.6199233531951904,0.4641999900341034,5.708934783935547,2.0165417194366455,4.872734546661377,0.6111111044883728,3.3763952255249023,1.1096186637878418,2.555074691772461,0.455089807510376
83,130871,3.301248550415039,1.1759003400802612,2.4815967082977295,0.466169148683548,3.241137981414795,1.0832020044326782,2.4236292839050293,0.4651442766189575,4.038019180297852,1.4707170724868774,3.206369638442993,0.6314199566841125,3.22410249710083,1.0692676305770874,2.406991481781006,0.46261516213417053,,,,,,,,,,,,,,,,
84,132429,,,,,,,,,,,,,,,,,3.694115161895752,1.373502254486084,2.8735296726226807,0.4964200556278229,3.395383596420288,1.1330163478851318,2.5759942531585693,0.454800009727478,5.720495223999023,2.0141043663024902,4.889718055725098,0.6388888955116272,3.3304967880249023,1.0965999364852905,2.5114002227783203,0.44799289107322693
84,132429,3.286113977432251,1.1744247674942017,2.467405319213867,0.4597014784812927,3.242204189300537,1.0846216678619385,2.4248621463775635,0.4635389447212219,4.018952369689941,1.4581336975097656,3.188525915145874,0.6042296290397644,3.2269065380096436,1.0711499452590942,2.4098782539367676,0.4618178606033325,,,,,,,,,,,,,,,,
85,133987,,,,,,,,,,,,,,,,,3.671433687210083,1.3824375867843628,2.8497064113616943,0.4868735074996948,3.398256540298462,1.1351498365402222,2.5795159339904785,0.4611999988555908,5.67149543762207,2.0045595169067383,4.839996814727783,0.625,3.3365721702575684,1.09828782081604,2.5183141231536865,0.45619872212409973
85,133987,3.237980365753174,1.1732817888259888,2.4179766178131104,0.4656716287136078,3.2531068325042725,1.0870417356491089,2.4354333877563477,0.4668700098991394,4.145735740661621,1.4923479557037354,3.3179500102996826,0.616314172744751,3.241363525390625,1.0734214782714844,2.424046039581299,0.4647856056690216,,,,,,,,,,,,,,,,
86,135545,,,,,,,,,,,,,,,,,3.694096565246582,1.3896384239196777,2.8736674785614014,0.5393794775009155,3.3944454193115234,1.1312757730484009,2.575678586959839,0.4618000090122223,5.69492769241333,1.9798766374588013,4.85861873626709,0.6388888955116272,3.329867124557495,1.0937172174453735,2.511533260345459,0.4517631530761719
86,135545,3.2916455268859863,1.1733267307281494,2.4721500873565674,0.48009949922561646,3.238607168197632,1.0837512016296387,2.4212582111358643,0.46586668491363525,4.114110469818115,1.4844857454299927,3.283562421798706,0.6465256810188293,3.2210488319396973,1.0699007511138916,2.4040820598602295,0.46195074915885925,,,,,,,,,,,,,,,,
87,137103,,,,,,,,,,,,,,,,,3.755255937576294,1.3951829671859741,2.9316368103027344,0.517899751663208,3.4218969345092773,1.143601417541504,2.601339340209961,0.4544000029563904,5.4065260887146,1.9266668558120728,4.569965362548828,0.6111111044883728,3.3592283725738525,1.107718825340271,2.5392117500305176,0.44599688053131104
87,137103,3.2578468322753906,1.1768760681152344,2.438828468322754,0.48059701919555664,3.2329916954040527,1.0835230350494385,2.415414810180664,0.46333828568458557,4.001195430755615,1.5033940076828003,3.1700668334960938,0.6072507500648499,3.2195141315460205,1.0690557956695557,2.4022650718688965,0.45969170331954956,,,,,,,,,,,,,,,,
88,138661,,,,,,,,,,,,,,,,,3.74186110496521,1.4017915725708008,2.920095443725586,0.5274463295936584,3.4082448482513428,1.1364916563034058,2.5884852409362793,0.45579999685287476,5.650430202484131,1.9961318969726562,4.814485549926758,0.6111111044883728,3.3414409160614014,1.0981125831604004,2.5221245288848877,0.44666221737861633
88,138661,3.2627720832824707,1.1716347932815552,2.443899631500244,0.47512438893318176,3.222832679748535,1.0818740129470825,2.4052953720092773,0.46145200729370117,4.024653434753418,1.4775290489196777,3.1932055950164795,0.6193353533744812,3.2075212001800537,1.068081021308899,2.390307903289795,0.4579199254512787,,,,,,,,,,,,,,,,
89,140219,,,,,,,,,,,,,,,,,3.8868062496185303,1.4384452104568481,3.0629730224609375,0.5202863812446594,3.446615219116211,1.1431242227554321,2.6251559257507324,0.45320001244544983,5.73820686340332,2.0266599655151367,4.900135040283203,0.5555555820465088,3.369119882583618,1.101572871208191,2.548145055770874,0.4453315734863281
89,140219,3.2628657817840576,1.1807934045791626,2.443474292755127,0.4616915285587311,3.236406087875366,1.0820244550704956,2.4186596870422363,0.4656258821487427,4.154724597930908,1.5159573554992676,3.3253092765808105,0.6435045599937439,3.2205865383148193,1.066868543624878,2.4031598567962646,0.46336817741394043,,,,,,,,,,,,,,,,
90,141777,,,,,,,,,,,,,,,,,3.7556955814361572,1.4034405946731567,2.934274196624756,0.5226730108261108,3.405457019805908,1.1296173334121704,2.5854015350341797,0.45660001039505005,5.645007610321045,2.0093367099761963,4.810393810272217,0.625,3.3371505737304688,1.090124487876892,2.517453908920288,0.4477711319923401
90,141777,3.2698936462402344,1.177018404006958,2.4506940841674805,0.45373135805130005,3.2229700088500977,1.0814290046691895,2.40547513961792,0.4596460163593292,3.989612340927124,1.4665846824645996,3.163280725479126,0.5921450257301331,3.2075514793395996,1.0672714710235596,2.390338182449341,0.45822998881340027,,,,,,,,,,,,,,,,
91,143335,,,,,,,,,,,,,,,,,3.7411270141601562,1.408619999885559,2.9190990924835205,0.5035799741744995,3.4171855449676514,1.1387125253677368,2.597716808319092,0.454800009727478,5.574082851409912,1.9879850149154663,4.740528583526611,0.6388888955116272,3.352642059326172,1.1000698804855347,2.533635377883911,0.44732755422592163
91,143335,3.2573585510253906,1.1717174053192139,2.4380555152893066,0.45422884821891785,3.2231974601745605,1.079176425933838,2.405630350112915,0.45727816224098206,3.990628242492676,1.4634226560592651,3.161149740219116,0.6314199566841125,3.2089040279388428,1.065302848815918,2.391665458679199,0.4549964666366577,,,,,,,,,,,,,,,,
92,144893,,,,,,,,,,,,,,,,,3.6774208545684814,1.3572406768798828,2.8559234142303467,0.5011933445930481,3.401301145553589,1.1419601440429688,2.5812840461730957,0.45239999890327454,6.063451290130615,2.1740989685058594,5.231929302215576,0.5972222089767456,3.333134174346924,1.105473279953003,2.5134389400482178,0.44555333256721497
92,144893,3.217848300933838,1.1513681411743164,2.398357391357422,0.4517413079738617,3.2181291580200195,1.0785304307937622,2.401122570037842,0.4567965567111969,3.953749418258667,1.4697121381759644,3.125436305999756,0.6132930517196655,3.2073709964752197,1.0663095712661743,2.3907482624053955,0.4549521505832672,,,,,,,,,,,,,,,,
93,146451,,,,,,,,,,,,,,,,,3.699230909347534,1.386096477508545,2.8782827854156494,0.5059666037559509,3.398251533508301,1.1315735578536987,2.5792598724365234,0.46140000224113464,5.77443790435791,2.0187723636627197,4.941226482391357,0.6388888955116272,3.332340955734253,1.0937551259994507,2.5137572288513184,0.4544244706630707
93,146451,3.236213445663452,1.171964406967163,2.4173848628997803,0.4601989984512329,3.213629961013794,1.0774052143096924,2.3965492248535156,0.4632178843021393,3.839298725128174,1.4367189407348633,3.008410930633545,0.5830815434455872,3.2024483680725098,1.0637184381484985,2.38572096824646,0.4617292582988739,,,,,,,,,,,,,,,,
94,148009,,,,,,,,,,,,,,,,,3.753187894821167,1.3995308876037598,2.9314866065979004,0.5226730108261108,3.413519859313965,1.134509801864624,2.5938520431518555,0.459199994802475,5.697354793548584,2.00274395942688,4.864519119262695,0.6527777910232544,3.345487117767334,1.0960183143615723,2.526219367980957,0.45021069049835205
94,148009,3.219555139541626,1.1669992208480835,2.4000017642974854,0.4606965184211731,3.2309799194335938,1.0812602043151855,2.413541078567505,0.46341854333877563,3.999701738357544,1.466530680656433,3.1692028045654297,0.5981873273849487,3.2207298278808594,1.0679771900177002,2.403667688369751,0.4616849720478058,,,,,,,,,,,,,,,,
95,149567,,,,,,,,,,,,,,,,,3.7197844982147217,1.395041823387146,2.898221254348755,0.49164676666259766,3.4278743267059326,1.1422433853149414,2.6080667972564697,0.4575999975204468,5.862009048461914,2.0608785152435303,5.028289794921875,0.6527777910232544,3.3618788719177246,1.104082703590393,2.5424580574035645,0.4513195753097534
95,149567,3.2821645736694336,1.1709964275360107,2.4637181758880615,0.47064676880836487,3.2291698455810547,1.0751076936721802,2.4113712310791016,0.46249547600746155,3.9064977169036865,1.4366965293884277,3.0764989852905273,0.5981873273849487,3.2145187854766846,1.0612701177597046,2.396960496902466,0.4597803056240082,,,,,,,,,,,,,,,,
96,151125,,,,,,,,,,,,,,,,,3.721250295639038,1.3758766651153564,2.9001123905181885,0.5107398629188538,3.412592649459839,1.134225606918335,2.5930325984954834,0.4487999975681305,5.864182949066162,2.067624092102051,5.029253005981445,0.6388888955116272,3.3447625637054443,1.0968658924102783,2.5255956649780273,0.44000887870788574
96,151125,3.214296579360962,1.1633676290512085,2.3952317237854004,0.4427860677242279,3.2393059730529785,1.081817626953125,2.421732187271118,0.4637797474861145,4.109684467315674,1.5067909955978394,3.2800495624542236,0.6314199566841125,3.2287709712982178,1.0683257579803467,2.4115047454833984,0.4631910026073456,,,,,,,,,,,,,,,,
97,152683,,,,,,,,,,,,,,,,,3.8021240234375,1.407435655593872,2.9774646759033203,0.517899751663208,3.4519312381744385,1.1464282274246216,2.630049228668213,0.45100000500679016,5.646318435668945,2.026341676712036,4.807793617248535,0.5833333134651184,3.384349822998047,1.1081228256225586,2.56299090385437,0.44267022609710693
97,152683,3.2454302310943604,1.1533048152923584,2.425971031188965,0.46368157863616943,3.2161576747894287,1.0748320817947388,2.398663282394409,0.4620139002799988,4.084740161895752,1.4823930263519287,3.255208730697632,0.6374622583389282,3.2008183002471924,1.0618699789047241,2.3836750984191895,0.45929306745529175,,,,,,,,,,,,,,,,
98,154241,,,,,,,,,,,,,,,,,3.8166723251342773,1.4126081466674805,2.9925947189331055,0.517899751663208,3.464381217956543,1.145512342453003,2.642583131790161,0.4618000090122223,6.034395217895508,2.112483501434326,5.197680473327637,0.625,3.390606164932251,1.1052517890930176,2.5692577362060547,0.4539809226989746
98,154241,3.2351810932159424,1.159683108329773,2.4158849716186523,0.4606965184211731,3.2248456478118896,1.0761334896087646,2.407111883163452,0.46277642250061035,4.192751407623291,1.501814365386963,3.364205837249756,0.6283987760543823,3.2097325325012207,1.0624537467956543,2.3922946453094482,0.4605333209037781,,,,,,,,,,,,,,,,
99,155799,,,,,,,,,,,,,,,,,3.832859992980957,1.4359968900680542,3.0067226886749268,0.5346062183380127,3.4583475589752197,1.1531131267547607,2.6358535289764404,0.4611999988555908,5.64846134185791,2.0629682540893555,4.812383651733398,0.6527777910232544,3.388573169708252,1.1122978925704956,2.5666346549987793,0.4513195753097534
99,155799,3.2669260501861572,1.1623831987380981,2.4474010467529297,0.4611940383911133,3.208793878555298,1.07219660282135,2.3904998302459717,0.454549103975296,3.931304931640625,1.4345887899398804,3.1021220684051514,0.5709969997406006,3.1930272579193115,1.0588537454605103,2.3750016689300537,0.4522501826286316,,,,,,,,,,,,,,,,
